Nom Bateau,IMO,MMSI,Lien
LIJMILIYA,9388819,538003294,vesselfinder.com/fr/vessels/LIJMILIYA-IMO-9388819-MMSI-538003294
AL GHUWAIRIYA,9372743,538003293,vesselfinder.com/fr/vessels/AL-GHUWAIRIYA-IMO-9372743-MMSI-538003293
AL SAMRIYA,9388821,538003295,vesselfinder.com/fr/vessels/AL-SAMRIYA-IMO-9388821-MMSI-538003295
AL MAFYAR,9397315,538003357,vesselfinder.com/fr/vessels/AL-MAFYAR-IMO-9397315-MMSI-538003357
RASHEEDA,9443413,538003362,vesselfinder.com/fr/vessels/RASHEEDA-IMO-9443413-MMSI-538003362
AAMIRA,9443401,538003354,vesselfinder.com/fr/vessels/AAMIRA-IMO-9443401-MMSI-538003354
AL MAYEDA,9397298,538003356,vesselfinder.com/fr/vessels/AL-MAYEDA-IMO-9397298-MMSI-538003356
SHAGRA,9418365,538003348,vesselfinder.com/fr/vessels/SHAGRA-IMO-9418365-MMSI-538003348
BU SAMRA,9388833,538003301,vesselfinder.com/fr/vessels/BU-SAMRA-IMO-9388833-MMSI-538003301
AL DAFNA,9443683,538003355,vesselfinder.com/fr/vessels/AL-DAFNA-IMO-9443683-MMSI-538003355
MOZAH,9337755,538003212,vesselfinder.com/fr/vessels/MOZAH-IMO-9337755-MMSI-538003212
ZARGA,9431214,538003346,vesselfinder.com/fr/vessels/ZARGA-IMO-9431214-MMSI-538003346
MEKAINES,9397303,538003365,vesselfinder.com/fr/vessels/MEKAINES-IMO-9397303-MMSI-538003365
NOHSHU MARU,9796781,311000579,vesselfinder.com/fr/vessels/NOHSHU-MARU-IMO-9796781-MMSI-311000579
BUSHU MARU,9796793,311000846,vesselfinder.com/fr/vessels/BUSHU-MARU-IMO-9796793-MMSI-311000846
LNG JUNO,9774628,311000583,vesselfinder.com/fr/vessels/LNG-JUNO-IMO-9774628-MMSI-311000583
PACIFIC BREEZE,9698123,538007670,vesselfinder.com/fr/vessels/PACIFIC-BREEZE-IMO-9698123-MMSI-538007670
DIAMOND GAS ORCHID,9779226,311000769,vesselfinder.com/fr/vessels/DIAMOND-GAS-ORCHID-IMO-9779226-MMSI-311000769
DIAMOND GAS SAKURA,9810020,311000771,vesselfinder.com/fr/vessels/DIAMOND-GAS-SAKURA-IMO-9810020-MMSI-311000771
DIAMOND GAS ROSE,9779238,311000770,vesselfinder.com/fr/vessels/DIAMOND-GAS-ROSE-IMO-9779238-MMSI-311000770
GRACE DAHLIA,9540716,432935000,vesselfinder.com/fr/vessels/GRACE-DAHLIA-IMO-9540716-MMSI-432935000
ENERGY HORIZON,9483877,432807000,vesselfinder.com/fr/vessels/ENERGY-HORIZON-IMO-9483877-MMSI-432807000
MARVEL HERON,9770440,374022000,vesselfinder.com/fr/vessels/MARVEL-HERON-IMO-9770440-MMSI-374022000
MARVEL CRANE,9770438,563073300,vesselfinder.com/fr/vessels/MARVEL-CRANE-IMO-9770438-MMSI-563073300
AL RUWAIS,9337951,309904000,vesselfinder.com/fr/vessels/AL-RUWAIS-IMO-9337951-MMSI-309904000
AL GHARIYA,9337987,308248000,vesselfinder.com/fr/vessels/AL-GHARIYA-IMO-9337987-MMSI-308248000
DUHAIL,9337975,309599000,vesselfinder.com/fr/vessels/DUHAIL-IMO-9337975-MMSI-309599000
AL SAFLIYA,9337963,308171000,vesselfinder.com/fr/vessels/AL-SAFLIYA-IMO-9337963-MMSI-308171000
AL SHEEHANIYA,9360831,538003364,vesselfinder.com/fr/vessels/AL-SHEEHANIYA-IMO-9360831-MMSI-538003364
AL KARAANA,9431123,538003358,vesselfinder.com/fr/vessels/AL-KARAANA-IMO-9431123-MMSI-538003358
ONAIZA,9397353,538003363,vesselfinder.com/fr/vessels/ONAIZA-IMO-9397353-MMSI-538003363
AL KHATTIYA,9431111,538003350,vesselfinder.com/fr/vessels/AL-KHATTIYA-IMO-9431111-MMSI-538003350
AL NUAMAN,9431135,538003351,vesselfinder.com/fr/vessels/AL-NUAMAN-IMO-9431135-MMSI-538003351
AL BAHIYA,9431147,538003349,vesselfinder.com/fr/vessels/AL-BAHIYA-IMO-9431147-MMSI-538003349
AL SADD,9397341,538003361,vesselfinder.com/fr/vessels/AL-SADD-IMO-9397341-MMSI-538003361
ESSHU MARU,9666560,311000285,vesselfinder.com/fr/vessels/ESSHU-MARU-IMO-9666560-MMSI-311000285
SEISHU MARU,9666558,311000261,vesselfinder.com/fr/vessels/SEISHU-MARU-IMO-9666558-MMSI-311000261
LNG SATURN,9696149,311000439,vesselfinder.com/fr/vessels/LNG-SATURN-IMO-9696149-MMSI-311000439
LNG JUROJIN,9666998,311000420,vesselfinder.com/fr/vessels/LNG-JUROJIN-IMO-9666998-MMSI-311000420
PACIFIC MIMOSA,9743875,431778000,vesselfinder.com/fr/vessels/PACIFIC-MIMOSA-IMO-9743875-MMSI-431778000
LNG MARS,9645748,431177000,vesselfinder.com/fr/vessels/LNG-MARS-IMO-9645748-MMSI-431177000
AL AAMRIYA,9338266,538003099,vesselfinder.com/fr/vessels/AL-AAMRIYA-IMO-9338266-MMSI-538003099
FRAIHA,9360817,538003101,vesselfinder.com/fr/vessels/FRAIHA-IMO-9360817-MMSI-538003101
MURWAB,9360805,538003100,vesselfinder.com/fr/vessels/MURWAB-IMO-9360805-MMSI-538003100
UMM AL AMAD,9360829,538003073,vesselfinder.com/fr/vessels/UMM-AL-AMAD-IMO-9360829-MMSI-538003073
AL ORAIQ,9360790,538003072,vesselfinder.com/fr/vessels/AL-ORAIQ-IMO-9360790-MMSI-538003072
AL HAMLA,9337743,538002922,vesselfinder.com/fr/vessels/AL-HAMLA-IMO-9337743-MMSI-538002922
AL GATTARA,9337705,538002917,vesselfinder.com/fr/vessels/AL-GATTARA-IMO-9337705-MMSI-538002917
TEMBEK,9337731,538002921,vesselfinder.com/fr/vessels/TEMBEK-IMO-9337731-MMSI-538002921
AL GHARRAFA,9337717,538002920,vesselfinder.com/fr/vessels/AL-GHARRAFA-IMO-9337717-MMSI-538002920
AL THUMAMA,9360843,538003018,vesselfinder.com/fr/vessels/AL-THUMAMA-IMO-9360843-MMSI-538003018
AL UTOURIYA,9360867,538003020,vesselfinder.com/fr/vessels/AL-UTOURIYA-IMO-9360867-MMSI-538003020
AL SAHLA,9360855,538003019,vesselfinder.com/fr/vessels/AL-SAHLA-IMO-9360855-MMSI-538003019
AL KHARAITIYAT,9397327,538003352,vesselfinder.com/fr/vessels/AL-KHARAITIYAT-IMO-9397327-MMSI-538003352
MESAIMEER,9337729,538003360,vesselfinder.com/fr/vessels/MESAIMEER-IMO-9337729-MMSI-538003360
AL REKAYYAT,9397339,538003347,vesselfinder.com/fr/vessels/AL-REKAYYAT-IMO-9397339-MMSI-538003347
LNG SAKURA,9774135,311000760,vesselfinder.com/fr/vessels/LNG-SAKURA-IMO-9774135-MMSI-311000760
SOHSHU MARU,9791212,311000580,vesselfinder.com/fr/vessels/SOHSHU-MARU-IMO-9791212-MMSI-311000580
SHINSHU MARU,9791200,311000845,vesselfinder.com/fr/vessels/SHINSHU-MARU-IMO-9791200-MMSI-311000845
AL HUWAILA,9360879,309255000,vesselfinder.com/fr/vessels/AL-HUWAILA-IMO-9360879-MMSI-309255000
AL KHUWAIR,9360908,311000140,vesselfinder.com/fr/vessels/AL-KHUWAIR-IMO-9360908-MMSI-311000140
AL KHARSAAH,9360881,309333000,vesselfinder.com/fr/vessels/AL-KHARSAAH-IMO-9360881-MMSI-309333000
LNGC AL SHAMAL,9360893,309781000,vesselfinder.com/fr/vessels/LNGC-AL-SHAMAL-IMO-9360893-MMSI-309781000
SERI CEMPAKA,9714290,533130607,vesselfinder.com/fr/vessels/SERI-CEMPAKA-IMO-9714290-MMSI-533130607
SERI CAMELLIA,9714276,533130463,vesselfinder.com/fr/vessels/SERI-CAMELLIA-IMO-9714276-MMSI-533130463
SERI CAMAR,9714305,533130687,vesselfinder.com/fr/vessels/SERI-CAMAR-IMO-9714305-MMSI-533130687
SERI CENDERAWASIH,9714288,533180210,vesselfinder.com/fr/vessels/SERI-CENDERAWASIH-IMO-9714288-MMSI-533180210
SERI CEMARA,9756389,533130753,vesselfinder.com/fr/vessels/SERI-CEMARA-IMO-9756389-MMSI-533130753
RUDOLF SAMOYLOVICH,9750713,311000627,vesselfinder.com/fr/vessels/RUDOLF-SAMOYLOVICH-IMO-9750713-MMSI-311000627
EDUARD TOLL,9750696,311000548,vesselfinder.com/fr/vessels/EDUARD-TOLL-IMO-9750696-MMSI-311000548
VLADIMIR VORONIN,9750737,311000632,vesselfinder.com/fr/vessels/VLADIMIR-VORONIN-IMO-9750737-MMSI-311000632
GEORGIY USHAKOV,9750749,311000633,vesselfinder.com/fr/vessels/GEORGIY-USHAKOV-IMO-9750749-MMSI-311000633
NIKOLAY YEVGENOV,9750725,311000631,vesselfinder.com/fr/vessels/NIKOLAY-YEVGENOV-IMO-9750725-MMSI-311000631
YAKOV GAKKEL,9750672,311000634,vesselfinder.com/fr/vessels/YAKOV-GAKKEL-IMO-9750672-MMSI-311000634
MARVEL EAGLE,9759240,374375000,vesselfinder.com/fr/vessels/MARVEL-EAGLE-IMO-9759240-MMSI-374375000
MARVEL PELICAN,9759252,356051000,vesselfinder.com/fr/vessels/MARVEL-PELICAN-IMO-9759252-MMSI-356051000
GEORGIY BRUSILOV,9768382,212770000,vesselfinder.com/fr/vessels/GEORGIY-BRUSILOV-IMO-9768382-MMSI-212770000
BORIS VILKITSKY,9768368,212654000,vesselfinder.com/fr/vessels/BORIS-VILKITSKY-IMO-9768368-MMSI-212654000
NIKOLAY URVANTSEV,9750660,477327300,vesselfinder.com/fr/vessels/NIKOLAY-URVANTSEV-IMO-9750660-MMSI-477327300
VLADIMIR VIZE,9750658,477194200,vesselfinder.com/fr/vessels/VLADIMIR-VIZE-IMO-9750658-MMSI-477194200
CHRIS. DE MARGERIE,9737187,212611000,vesselfinder.com/fr/vessels/CHRIS.-DE-MARGERIE-IMO-9737187-MMSI-212611000
FEDOR LITKE,9768370,212660000,vesselfinder.com/fr/vessels/FEDOR-LITKE-IMO-9768370-MMSI-212660000
VLADIMIR RUSANOV,9750701,477150100,vesselfinder.com/fr/vessels/VLADIMIR-RUSANOV-IMO-9750701-MMSI-477150100
LNG FUKUROKUJU,9666986,311000365,vesselfinder.com/fr/vessels/LNG-FUKUROKUJU-IMO-9666986-MMSI-311000365
CASTILLO DE CALDELAS,9742819,248720000,vesselfinder.com/fr/vessels/CASTILLO-DE-CALDELAS-IMO-9742819-MMSI-248720000
CASTILLO DE MERIDA,9742807,248516000,vesselfinder.com/fr/vessels/CASTILLO-DE-MERIDA-IMO-9742807-MMSI-248516000
PACIFIC ARCADIA,9621077,311072200,vesselfinder.com/fr/vessels/PACIFIC-ARCADIA-IMO-9621077-MMSI-311072200
NIKOLAY ZUBOV,9768526,209351000,vesselfinder.com/fr/vessels/NIKOLAY-ZUBOV-IMO-9768526-MMSI-209351000
BORIS DAVYDOV,9768394,209356000,vesselfinder.com/fr/vessels/BORIS-DAVYDOV-IMO-9768394-MMSI-209356000
CYGNUS PASSAGE,9376294,309739000,vesselfinder.com/fr/vessels/CYGNUS-PASSAGE-IMO-9376294-MMSI-309739000
ALTO ACRUX,9343106,308592000,vesselfinder.com/fr/vessels/ALTO-ACRUX-IMO-9343106-MMSI-308592000
TRAIANO KNUTSEN,9854765,257575000,vesselfinder.com/fr/vessels/TRAIANO-KNUTSEN-IMO-9854765-MMSI-257575000
ADRIANO KNUTSEN,9831220,224983000,vesselfinder.com/fr/vessels/ADRIANO-KNUTSEN-IMO-9831220-MMSI-224983000
RIAS BAIXAS KNUTSEN,9825568,224989000,vesselfinder.com/fr/vessels/RIAS-BAIXAS-KNUTSEN-IMO-9825568-MMSI-224989000
GRAND ELENA,9332054,209407000,vesselfinder.com/fr/vessels/GRAND-ELENA-IMO-9332054-MMSI-209407000
GRAND ANIVA,9338955,212883000,vesselfinder.com/fr/vessels/GRAND-ANIVA-IMO-9338955-MMSI-212883000
PRISM BRILLIANCE,9810551,371086000,vesselfinder.com/fr/vessels/PRISM-BRILLIANCE-IMO-9810551-MMSI-371086000
PRISM AGILITY,9810549,372487000,vesselfinder.com/fr/vessels/PRISM-AGILITY-IMO-9810549-MMSI-372487000
ENERGY UNIVERSE,9758844,354114000,vesselfinder.com/fr/vessels/ENERGY-UNIVERSE-IMO-9758844-MMSI-354114000
ENERGY LIBERTY,9736092,431540000,vesselfinder.com/fr/vessels/ENERGY-LIBERTY-IMO-9736092-MMSI-431540000
ENERGY GLORY,9752565,431776000,vesselfinder.com/fr/vessels/ENERGY-GLORY-IMO-9752565-MMSI-431776000
LNG JUPITER,9341689,311019200,vesselfinder.com/fr/vessels/LNG-JUPITER-IMO-9341689-MMSI-311019200
ARCTIC PRINCESS,9271248,257739000,vesselfinder.com/fr/vessels/ARCTIC-PRINCESS-IMO-9271248-MMSI-257739000
ARCTIC LADY,9284192,257742000,vesselfinder.com/fr/vessels/ARCTIC-LADY-IMO-9284192-MMSI-257742000
LNG BARKA,9341299,308579000,vesselfinder.com/fr/vessels/LNG-BARKA-IMO-9341299-MMSI-308579000
ENERGY CONFIDENCE,9405588,432694000,vesselfinder.com/fr/vessels/ENERGY-CONFIDENCE-IMO-9405588-MMSI-432694000
GASLOG WALES,9853137,310786000,vesselfinder.com/fr/vessels/GASLOG-WALES-IMO-9853137-MMSI-310786000
GASLOG WARSAW,9816763,241662000,vesselfinder.com/fr/vessels/GASLOG-WARSAW-IMO-9816763-MMSI-241662000
GASLOG WESTMINSTER,9855812,310795000,vesselfinder.com/fr/vessels/GASLOG-WESTMINSTER-IMO-9855812-MMSI-310795000
GASLOG WINDSOR,9819650,310787000,vesselfinder.com/fr/vessels/GASLOG-WINDSOR-IMO-9819650-MMSI-310787000
GRAND MEREYA,9338929,209856000,vesselfinder.com/fr/vessels/GRAND-MEREYA-IMO-9338929-MMSI-209856000
GAIL BHUWAN,9877145,209997000,vesselfinder.com/fr/vessels/GAIL-BHUWAN-IMO-9877145-MMSI-209997000
LNG SCHNEEWEISSCHEN,9771913,357315000,vesselfinder.com/fr/vessels/LNG-SCHNEEWEISSCHEN-IMO-9771913-MMSI-357315000
ENERGY FRONTIER,9245720,432420000,vesselfinder.com/fr/vessels/ENERGY-FRONTIER-IMO-9245720-MMSI-432420000
CELSIUS CANBERRA,9864796,538009123,vesselfinder.com/fr/vessels/CELSIUS-CANBERRA-IMO-9864796-MMSI-538009123
ENERGY ADVANCE,9269180,432495000,vesselfinder.com/fr/vessels/ENERGY-ADVANCE-IMO-9269180-MMSI-432495000
LNG DREAM,9277620,309065000,vesselfinder.com/fr/vessels/LNG-DREAM-IMO-9277620-MMSI-309065000
ENERGY NAVIGATOR,9355264,432634000,vesselfinder.com/fr/vessels/ENERGY-NAVIGATOR-IMO-9355264-MMSI-432634000
TAITAR NO.4,9403657,351767000,vesselfinder.com/fr/vessels/TAITAR-NO.4-IMO-9403657-MMSI-351767000
TAITAR NO.2,9403645,372307000,vesselfinder.com/fr/vessels/TAITAR-NO.2-IMO-9403645-MMSI-372307000
TAITAR NO.3,9403671,372195000,vesselfinder.com/fr/vessels/TAITAR-NO.3-IMO-9403671-MMSI-372195000
TAITAR NO.1,9403669,371846000,vesselfinder.com/fr/vessels/TAITAR-NO.1-IMO-9403669-MMSI-371846000
IBRI LNG,9317315,355580000,vesselfinder.com/fr/vessels/IBRI-LNG-IMO-9317315-MMSI-355580000
ARCTIC DISCOVERER,9276389,309481000,vesselfinder.com/fr/vessels/ARCTIC-DISCOVERER-IMO-9276389-MMSI-309481000
ARCTIC VOYAGER,9275335,309998000,vesselfinder.com/fr/vessels/ARCTIC-VOYAGER-IMO-9275335-MMSI-309998000
LALLA FATMA NSOUMER,9275347,311775000,vesselfinder.com/fr/vessels/LALLA-FATMA-NSOUMER-IMO-9275347-MMSI-311775000
ELISA LARUS,9852975,228385600,vesselfinder.com/fr/vessels/ELISA-LARUS-IMO-9852975-MMSI-228385600
FUJI LNG,9275359,229443000,vesselfinder.com/fr/vessels/FUJI-LNG-IMO-9275359-MMSI-229443000
SYMPHONIC BREEZE,9330745,309839000,vesselfinder.com/fr/vessels/SYMPHONIC-BREEZE-IMO-9330745-MMSI-309839000
DIAMOND GAS METOLIS,9862487,311000968,vesselfinder.com/fr/vessels/DIAMOND-GAS-METOLIS-IMO-9862487-MMSI-311000968
SEAN SPIRIT,9781918,311000665,vesselfinder.com/fr/vessels/SEAN-SPIRIT-IMO-9781918-MMSI-311000665
YAMAL SPIRIT,9781920,311000666,vesselfinder.com/fr/vessels/YAMAL-SPIRIT-IMO-9781920-MMSI-311000666
SK RESOLUTE,9693173,354184000,vesselfinder.com/fr/vessels/SK-RESOLUTE-IMO-9693173-MMSI-354184000
SK AUDACE,9693161,373808000,vesselfinder.com/fr/vessels/SK-AUDACE-IMO-9693161-MMSI-373808000
SCF BARENTS,9864746,636019878,vesselfinder.com/fr/vessels/SCF-BARENTS-IMO-9864746-MMSI-636019878
SCF LA PEROUSE,9849887,636019530,vesselfinder.com/fr/vessels/SCF-LA-PEROUSE-IMO-9849887-MMSI-636019530
SCF TIMMERMAN,9870525,636020078,vesselfinder.com/fr/vessels/SCF-TIMMERMAN-IMO-9870525-MMSI-636020078
UMM AL ASHTAN,9074652,636010647,vesselfinder.com/fr/vessels/UMM-AL-ASHTAN-IMO-9074652-MMSI-636010647
ALHAMRA,9074640,636010544,vesselfinder.com/fr/vessels/ALHAMRA-IMO-9074640-MMSI-636010544
MUBARAZ,9074626,636010373,vesselfinder.com/fr/vessels/MUBARAZ-IMO-9074626-MMSI-636010373
MRAWEH,9074638,636010457,vesselfinder.com/fr/vessels/MRAWEH-IMO-9074638-MMSI-636010457
ARISTOS I,9862891,215668000,vesselfinder.com/fr/vessels/ARISTOS-I-IMO-9862891-MMSI-215668000
LNG PORT-HARCOURT II,9690157,310719000,vesselfinder.com/fr/vessels/LNG-PORT-HARCOURT-II-IMO-9690157-MMSI-310719000
LNG ABALAMABIE,9690171,310731000,vesselfinder.com/fr/vessels/LNG-ABALAMABIE-IMO-9690171-MMSI-310731000
LNG ABUJA II,9690169,310730000,vesselfinder.com/fr/vessels/LNG-ABUJA-II-IMO-9690169-MMSI-310730000
LNG FINIMA II,9690145,310722000,vesselfinder.com/fr/vessels/LNG-FINIMA-II-IMO-9690145-MMSI-310722000
LA SEINE,9845764,215503000,vesselfinder.com/fr/vessels/LA-SEINE-IMO-9845764-MMSI-215503000
VIVIT AMERICAS LNG,9864667,215574000,vesselfinder.com/fr/vessels/VIVIT-AMERICAS-LNG-IMO-9864667-MMSI-215574000
BONITO LNG,9845788,215532000,vesselfinder.com/fr/vessels/BONITO-LNG-IMO-9845788-MMSI-215532000
FLEX AURORA,9857365,538008764,vesselfinder.com/fr/vessels/FLEX-AURORA-IMO-9857365-MMSI-538008764
COOL DISCOVERER,9861031,215567000,vesselfinder.com/fr/vessels/COOL-DISCOVERER-IMO-9861031-MMSI-215567000
HELLAS DIANA,9872987,215685000,vesselfinder.com/fr/vessels/HELLAS-DIANA-IMO-9872987-MMSI-215685000
LA MANCHA KNUTSEN,9721724,224444000,vesselfinder.com/fr/vessels/LA-MANCHA-KNUTSEN-IMO-9721724-MMSI-224444000
RIOJA KNUTSEN,9721736,224451000,vesselfinder.com/fr/vessels/RIOJA-KNUTSEN-IMO-9721736-MMSI-224451000
LNG BONNY II,9692002,310720000,vesselfinder.com/fr/vessels/LNG-BONNY-II-IMO-9692002-MMSI-310720000
LNG LAGOS II,9692014,310721000,vesselfinder.com/fr/vessels/LNG-LAGOS-II-IMO-9692014-MMSI-310721000
LNG RIVER NIGER,9262235,310479000,vesselfinder.com/fr/vessels/LNG-RIVER-NIGER-IMO-9262235-MMSI-310479000
LNG AKWA IBOM,9262209,310453000,vesselfinder.com/fr/vessels/LNG-AKWA-IBOM-IMO-9262209-MMSI-310453000
LNG CROSS RIVER,9262223,310478000,vesselfinder.com/fr/vessels/LNG-CROSS-RIVER-IMO-9262223-MMSI-310478000
LNG ADAMAWA,9262211,310469000,vesselfinder.com/fr/vessels/LNG-ADAMAWA-IMO-9262211-MMSI-310469000
SM EAGLE,9761827,370895000,vesselfinder.com/fr/vessels/SM-EAGLE-IMO-9761827-MMSI-370895000
SM SEAHAWK,9761839,355658000,vesselfinder.com/fr/vessels/SM-SEAHAWK-IMO-9761839-MMSI-355658000
GASLOG GEORGETOWN,9864916,310800000,vesselfinder.com/fr/vessels/GASLOG-GEORGETOWN-IMO-9864916-MMSI-310800000
MINERVA KALYMNOS,9869942,215890000,vesselfinder.com/fr/vessels/MINERVA-KALYMNOS-IMO-9869942-MMSI-215890000
HYUNDAI PEACEPIA,9761853,374816000,vesselfinder.com/fr/vessels/HYUNDAI-PEACEPIA-IMO-9761853-MMSI-374816000
HYUNDAI PRINCEPIA,9761841,374219000,vesselfinder.com/fr/vessels/HYUNDAI-PRINCEPIA-IMO-9761841-MMSI-374219000
LNG ADVENTURE,9870159,228391700,vesselfinder.com/fr/vessels/LNG-ADVENTURE-IMO-9870159-MMSI-228391700
BRITISH PARTNER,9766530,232006301,vesselfinder.com/fr/vessels/BRITISH-PARTNER-IMO-9766530-MMSI-232006301
BRITISH MENTOR,9766578,232006296,vesselfinder.com/fr/vessels/BRITISH-MENTOR-IMO-9766578-MMSI-232006296
BRITISH LISTENER,9766566,232006297,vesselfinder.com/fr/vessels/BRITISH-LISTENER-IMO-9766566-MMSI-232006297
BRITISH CONTRIBUTOR,9766554,232006298,vesselfinder.com/fr/vessels/BRITISH-CONTRIBUTOR-IMO-9766554-MMSI-232006298
PEARL LNG,9862346,215573000,vesselfinder.com/fr/vessels/PEARL-LNG-IMO-9862346-MMSI-215573000
QOGIR,9851787,215524000,vesselfinder.com/fr/vessels/QOGIR-IMO-9851787-MMSI-215524000
FLEX RAINBOW,9709037,538007620,vesselfinder.com/fr/vessels/FLEX-RAINBOW-IMO-9709037-MMSI-538007620
FLEX RANGER,9709025,538007621,vesselfinder.com/fr/vessels/FLEX-RANGER-IMO-9709025-MMSI-538007621
GASLOG GLADSTONE,9744025,310779000,vesselfinder.com/fr/vessels/GASLOG-GLADSTONE-IMO-9744025-MMSI-310779000
PAN AMERICAS,9750232,477142700,vesselfinder.com/fr/vessels/PAN-AMERICAS-IMO-9750232-MMSI-477142700
PAN AFRICA,9750256,477168300,vesselfinder.com/fr/vessels/PAN-AFRICA-IMO-9750256-MMSI-477168300
PAN EUROPE,9750244,477157300,vesselfinder.com/fr/vessels/PAN-EUROPE-IMO-9750244-MMSI-477157300
PAN ASIA,9750220,477096200,vesselfinder.com/fr/vessels/PAN-ASIA-IMO-9750220-MMSI-477096200
LNG PHECDA,9834313,477345700,vesselfinder.com/fr/vessels/LNG-PHECDA-IMO-9834313-MMSI-477345700
LNG MERAK,9834301,477345800,vesselfinder.com/fr/vessels/LNG-MERAK-IMO-9834301-MMSI-477345800
LNG DUBHE,9834296,477327900,vesselfinder.com/fr/vessels/LNG-DUBHE-IMO-9834296-MMSI-477327900
PATRIS,9766889,636018010,vesselfinder.com/fr/vessels/PATRIS-IMO-9766889-MMSI-636018010
KINISIS,9785158,636018011,vesselfinder.com/fr/vessels/KINISIS-IMO-9785158-MMSI-636018011
BW MAGNOLIA,9850666,563092200,vesselfinder.com/fr/vessels/BW-MAGNOLIA-IMO-9850666-MMSI-563092200
GASLOG HONGKONG,9748904,310773000,vesselfinder.com/fr/vessels/GASLOG-HONGKONG-IMO-9748904-MMSI-310773000
FLEX RESOLUTE,9851646,538008815,vesselfinder.com/fr/vessels/FLEX-RESOLUTE-IMO-9851646-MMSI-538008815
FLEX FREEDOM,9862308,538008814,vesselfinder.com/fr/vessels/FLEX-FREEDOM-IMO-9862308-MMSI-538008814
BW LILAC,9758076,248587000,vesselfinder.com/fr/vessels/BW-LILAC-IMO-9758076-MMSI-248587000
BW TULIP,9758064,563041600,vesselfinder.com/fr/vessels/BW-TULIP-IMO-9758064-MMSI-563041600
BW PAVILION ARANDA,9792606,563082400,vesselfinder.com/fr/vessels/BW-PAVILION-ARANDA-IMO-9792606-MMSI-563082400
LNG SOKOTO,9216303,310378000,vesselfinder.com/fr/vessels/LNG-SOKOTO-IMO-9216303-MMSI-310378000
LNG RIVERS,9216298,310370000,vesselfinder.com/fr/vessels/LNG-RIVERS-IMO-9216298-MMSI-310370000
LNG BAYELSA,9241267,310381000,vesselfinder.com/fr/vessels/LNG-BAYELSA-IMO-9241267-MMSI-310381000
SPIRIT OF HELA,9361639,311013700,vesselfinder.com/fr/vessels/SPIRIT-OF-HELA-IMO-9361639-MMSI-311013700
GIGIRA LAITEBO,9360922,309415000,vesselfinder.com/fr/vessels/GIGIRA-LAITEBO-IMO-9360922-MMSI-309415000
ENERGY ENDEAVOUR,9854624,538008879,vesselfinder.com/fr/vessels/ENERGY-ENDEAVOUR-IMO-9854624-MMSI-538008879
ENERGY PACIFIC,9854612,538008878,vesselfinder.com/fr/vessels/ENERGY-PACIFIC-IMO-9854612-MMSI-538008878
PAPUA,9613135,477518900,vesselfinder.com/fr/vessels/PAPUA-IMO-9613135-MMSI-477518900
MARVEL FALCON,9760768,563048500,vesselfinder.com/fr/vessels/MARVEL-FALCON-IMO-9760768-MMSI-563048500
MARVEL KITE,9760782,563069500,vesselfinder.com/fr/vessels/MARVEL-KITE-IMO-9760782-MMSI-563069500
MARVEL HAWK,9760770,563063200,vesselfinder.com/fr/vessels/MARVEL-HAWK-IMO-9760770-MMSI-563063200
HYUNDAI TECHNOPIA,9155145,441231000,vesselfinder.com/fr/vessels/HYUNDAI-TECHNOPIA-IMO-9155145-MMSI-441231000
HYUNDAI COSMOPIA,9155157,441260000,vesselfinder.com/fr/vessels/HYUNDAI-COSMOPIA-IMO-9155157-MMSI-441260000
VELIKIY NOVGOROD,9630004,636016219,vesselfinder.com/fr/vessels/VELIKIY-NOVGOROD-IMO-9630004-MMSI-636016219
SCF MITRE,9654880,636016378,vesselfinder.com/fr/vessels/SCF-MITRE-IMO-9654880-MMSI-636016378
PSKOV,9630028,636016229,vesselfinder.com/fr/vessels/PSKOV-IMO-9630028-MMSI-636016229
SCF MELAMPUS,9654878,636016376,vesselfinder.com/fr/vessels/SCF-MELAMPUS-IMO-9654878-MMSI-636016376
GLOBAL ENERGY,9845013,538008899,vesselfinder.com/fr/vessels/GLOBAL-ENERGY-IMO-9845013-MMSI-538008899
GLOBAL STAR,9859741,538009028,vesselfinder.com/fr/vessels/GLOBAL-STAR-IMO-9859741-MMSI-538009028
MINERVA PSARA,9854363,215865000,vesselfinder.com/fr/vessels/MINERVA-PSARA-IMO-9854363-MMSI-215865000
MARAN GAS ANDROS,9810379,241670000,vesselfinder.com/fr/vessels/MARAN-GAS-ANDROS-IMO-9810379-MMSI-241670000
MARAN GAS SPETSES,9767950,241579000,vesselfinder.com/fr/vessels/MARAN-GAS-SPETSES-IMO-9767950-MMSI-241579000
MARAN GAS HYDRA,9767962,241638000,vesselfinder.com/fr/vessels/MARAN-GAS-HYDRA-IMO-9767962-MMSI-241638000
MARAN GAS CHIOS,9753014,241636000,vesselfinder.com/fr/vessels/MARAN-GAS-CHIOS-IMO-9753014-MMSI-241636000
WOODSIDE CHANEY,9753026,241637000,vesselfinder.com/fr/vessels/WOODSIDE-CHANEY-IMO-9753026-MMSI-241637000
MARIA ENERGY,9659725,636017445,vesselfinder.com/fr/vessels/MARIA-ENERGY-IMO-9659725-MMSI-636017445
MARAN GAS PERICLES,9709489,241424000,vesselfinder.com/fr/vessels/MARAN-GAS-PERICLES-IMO-9709489-MMSI-241424000
MARAN GAS ACHILLES,9682588,241365000,vesselfinder.com/fr/vessels/MARAN-GAS-ACHILLES-IMO-9682588-MMSI-241365000
MARAN GAS ULYSSES,9709491,241404000,vesselfinder.com/fr/vessels/MARAN-GAS-ULYSSES-IMO-9709491-MMSI-241404000
MARAN GAS LETO,9682576,241355000,vesselfinder.com/fr/vessels/MARAN-GAS-LETO-IMO-9682576-MMSI-241355000
MARAN GAS HECTOR,9682605,241425000,vesselfinder.com/fr/vessels/MARAN-GAS-HECTOR-IMO-9682605-MMSI-241425000
MARAN GAS AGAMEMNON,9682590,241405000,vesselfinder.com/fr/vessels/MARAN-GAS-AGAMEMNON-IMO-9682590-MMSI-241405000
FLEX COURAGEOUS,9825439,538008206,vesselfinder.com/fr/vessels/FLEX-COURAGEOUS-IMO-9825439-MMSI-538008206
FLEX CONSTELLATION,9825427,538008205,vesselfinder.com/fr/vessels/FLEX-CONSTELLATION-IMO-9825427-MMSI-538008205
CESI GLADSTONE,9672820,477348600,vesselfinder.com/fr/vessels/CESI-GLADSTONE-IMO-9672820-MMSI-477348600
CESI QINGDAO,9672832,477584200,vesselfinder.com/fr/vessels/CESI-QINGDAO-IMO-9672832-MMSI-477584200
CESI BEIHAI,9672844,477884800,vesselfinder.com/fr/vessels/CESI-BEIHAI-IMO-9672844-MMSI-477884800
CESI WENZHOU,9694751,477121700,vesselfinder.com/fr/vessels/CESI-WENZHOU-IMO-9694751-MMSI-477121700
CESI LIANYUNGANG,9672818,477151600,vesselfinder.com/fr/vessels/CESI-LIANYUNGANG-IMO-9672818-MMSI-477151600
BAHRAIN CPIPIP,9771080,408919000,vesselfinder.com/fr/vessels/BAHRAIN-CPIPIP-IMO-9771080-MMSI-408919000
TORBEN SPIRIT,9721401,311000520,vesselfinder.com/fr/vessels/TORBEN-SPIRIT-IMO-9721401-MMSI-311000520
MYRINA,9770933,311000477,vesselfinder.com/fr/vessels/MYRINA-IMO-9770933-MMSI-311000477
MUREX,9705641,311000475,vesselfinder.com/fr/vessels/MUREX-IMO-9705641-MMSI-311000475
MEGARA,9770945,311000478,vesselfinder.com/fr/vessels/MEGARA-IMO-9770945-MMSI-311000478
CREOLE SPIRIT,9681687,311000246,vesselfinder.com/fr/vessels/CREOLE-SPIRIT-IMO-9681687-MMSI-311000246
OAK SPIRIT,9681699,311000247,vesselfinder.com/fr/vessels/OAK-SPIRIT-IMO-9681699-MMSI-311000247
MAGDALA,9770921,311000476,vesselfinder.com/fr/vessels/MAGDALA-IMO-9770921-MMSI-311000476
MACOMA,9705653,311000472,vesselfinder.com/fr/vessels/MACOMA-IMO-9705653-MMSI-311000472
FLEX ENDEAVOUR,9762261,215386000,vesselfinder.com/fr/vessels/FLEX-ENDEAVOUR-IMO-9762261-MMSI-215386000
MARAN GAS VERGINA,9732369,241467000,vesselfinder.com/fr/vessels/MARAN-GAS-VERGINA-IMO-9732369-MMSI-241467000
MARAN GAS ROXANA,9701229,241415000,vesselfinder.com/fr/vessels/MARAN-GAS-ROXANA-IMO-9701229-MMSI-241415000
MARAN GAS AMPHIPOLIS,9701217,241414000,vesselfinder.com/fr/vessels/MARAN-GAS-AMPHIPOLIS-IMO-9701217-MMSI-241414000
OUGARTA,9761267,605076070,vesselfinder.com/fr/vessels/OUGARTA-IMO-9761267-MMSI-605076070
TESSALA,9761243,605076060,vesselfinder.com/fr/vessels/TESSALA-IMO-9761243-MMSI-605076060
PRACHI,9723801,563178000,vesselfinder.com/fr/vessels/PRACHI-IMO-9723801-MMSI-563178000
GASLOG GIBRALTAR,9707510,310757000,vesselfinder.com/fr/vessels/GASLOG-GIBRALTAR-IMO-9707510-MMSI-310757000
GASLOG GENEVA,9707508,310755000,vesselfinder.com/fr/vessels/GASLOG-GENEVA-IMO-9707508-MMSI-310755000
GASLOG GLASGOW,9687021,310744000,vesselfinder.com/fr/vessels/GASLOG-GLASGOW-IMO-9687021-MMSI-310744000
GASLOG GREECE,9687019,310732000,vesselfinder.com/fr/vessels/GASLOG-GREECE-IMO-9687019-MMSI-310732000
LNG JAMAL,9200316,432278000,vesselfinder.com/fr/vessels/LNG-JAMAL-IMO-9200316-MMSI-432278000
GOLAR MAZO,9165011,636011170,vesselfinder.com/fr/vessels/GOLAR-MAZO-IMO-9165011-MMSI-636011170
CASTILLO-SANTISTEBAN,9433717,215739000,vesselfinder.com/fr/vessels/CASTILLO-SANTISTEBAN-IMO-9433717-MMSI-215739000
PACIFIC NOTUS,9247962,311573000,vesselfinder.com/fr/vessels/PACIFIC-NOTUS-IMO-9247962-MMSI-311573000
PACIFIC EURUS,9264910,308937000,vesselfinder.com/fr/vessels/PACIFIC-EURUS-IMO-9264910-MMSI-308937000
SS.ABADI,9210828,508011000,vesselfinder.com/fr/vessels/SS.ABADI-IMO-9210828-MMSI-508011000
BW TATIANA,9236626,351133000,vesselfinder.com/fr/vessels/BW-TATIANA-IMO-9236626-MMSI-351133000
GEMMATA,9253222,563574000,vesselfinder.com/fr/vessels/GEMMATA-IMO-9253222-MMSI-563574000
GALEA,9236614,564644000,vesselfinder.com/fr/vessels/GALEA-IMO-9236614-MMSI-564644000
SOHAR LNG,9210816,357186000,vesselfinder.com/fr/vessels/SOHAR-LNG-IMO-9210816-MMSI-357186000
DUKHAN,9265500,636012400,vesselfinder.com/fr/vessels/DUKHAN-IMO-9265500-MMSI-636012400
AL RAYYAN,9086734,431901000,vesselfinder.com/fr/vessels/AL-RAYYAN-IMO-9086734-MMSI-431901000
RIBERA DUERO KNUTSEN,9477593,259082000,vesselfinder.com/fr/vessels/RIBERA-DUERO-KNUTSEN-IMO-9477593-MMSI-259082000
AL ZUBARAH,9085649,431881000,vesselfinder.com/fr/vessels/AL-ZUBARAH-IMO-9085649-MMSI-431881000
VALENCIA KNUTSEN,9434266,225420000,vesselfinder.com/fr/vessels/VALENCIA-KNUTSEN-IMO-9434266-MMSI-225420000
BARCELONA KNUTSEN,9401295,224436000,vesselfinder.com/fr/vessels/BARCELONA-KNUTSEN-IMO-9401295-MMSI-224436000
SEVILLA KNUTSEN,9414632,224072000,vesselfinder.com/fr/vessels/SEVILLA-KNUTSEN-IMO-9414632-MMSI-224072000
SHAHAMAH,9035852,636010085,vesselfinder.com/fr/vessels/SHAHAMAH-IMO-9035852-MMSI-636010085
AL KHAZNAH,9038440,636010034,vesselfinder.com/fr/vessels/AL-KHAZNAH-IMO-9038440-MMSI-636010034
GHASHA,9038452,636010183,vesselfinder.com/fr/vessels/GHASHA-IMO-9038452-MMSI-636010183
ISH,9035864,636010329,vesselfinder.com/fr/vessels/ISH-IMO-9035864-MMSI-636010329
STENA CRYSTAL SKY,9383900,235099946,vesselfinder.com/fr/vessels/STENA-CRYSTAL-SKY-IMO-9383900-MMSI-235099946
STENA CLEAR SKY,9413327,235100007,vesselfinder.com/fr/vessels/STENA-CLEAR-SKY-IMO-9413327-MMSI-235100007
EKAPUTRA 1,8706155,525022371,vesselfinder.com/fr/vessels/EKAPUTRA-1-IMO-8706155-MMSI-525022371
METHANE JULIA LOUISE,9412880,310584000,vesselfinder.com/fr/vessels/METHANE-JULIA-LOUISE-IMO-9412880-MMSI-310584000
METHANE BECKI ANNE,9516129,310597000,vesselfinder.com/fr/vessels/METHANE-BECKI-ANNE-IMO-9516129-MMSI-310597000
M. PATRICIA CAMILA,9425277,310606000,vesselfinder.com/fr/vessels/M.-PATRICIA-CAMILA-IMO-9425277-MMSI-310606000
SERI BALQIS,9331672,533894000,vesselfinder.com/fr/vessels/SERI-BALQIS-IMO-9331672-MMSI-533894000
SERI BALHAF,9331660,533868000,vesselfinder.com/fr/vessels/SERI-BALHAF-IMO-9331660-MMSI-533868000
ENERGY ATLANTIC,9649328,256647000,vesselfinder.com/fr/vessels/ENERGY-ATLANTIC-IMO-9649328-MMSI-256647000
TORMAN II,9006681,538008702,vesselfinder.com/fr/vessels/TORMAN-II-IMO-9006681-MMSI-538008702
ADAM LNG,9501186,538005753,vesselfinder.com/fr/vessels/ADAM-LNG-IMO-9501186-MMSI-538005753
BW PAVILION VANDA,9640437,565513000,vesselfinder.com/fr/vessels/BW-PAVILION-VANDA-IMO-9640437-MMSI-565513000
BW PAVILION LEEARA,9640645,565515000,vesselfinder.com/fr/vessels/BW-PAVILION-LEEARA-IMO-9640645-MMSI-565515000
CLEAN PLANET,9637507,538005351,vesselfinder.com/fr/vessels/CLEAN-PLANET-IMO-9637507-MMSI-538005351
CLEAN VISION,9655456,256245000,vesselfinder.com/fr/vessels/CLEAN-VISION-IMO-9655456-MMSI-256245000
CLEAN HORIZON,9655444,256083000,vesselfinder.com/fr/vessels/CLEAN-HORIZON-IMO-9655444-MMSI-256083000
CLEAN OCEAN,9637492,538005350,vesselfinder.com/fr/vessels/CLEAN-OCEAN-IMO-9637492-MMSI-538005350
GOLAR GLACIER,9654696,538005373,vesselfinder.com/fr/vessels/GOLAR-GLACIER-IMO-9654696-MMSI-538005373
GOLAR KELVIN,9654701,538005374,vesselfinder.com/fr/vessels/GOLAR-KELVIN-IMO-9654701-MMSI-538005374
MARAN GAS APOLLONIA,9633422,241275000,vesselfinder.com/fr/vessels/MARAN-GAS-APOLLONIA-IMO-9633422-MMSI-241275000
MARAN GAS SPARTA,9650042,241289000,vesselfinder.com/fr/vessels/MARAN-GAS-SPARTA-IMO-9650042-MMSI-241289000
MARAN GAS ALEXANDRIA,9650054,241353000,vesselfinder.com/fr/vessels/MARAN-GAS-ALEXANDRIA-IMO-9650054-MMSI-241353000
MARAN GAS POSIDONIA,9633434,241290000,vesselfinder.com/fr/vessels/MARAN-GAS-POSIDONIA-IMO-9633434-MMSI-241290000
LNG VESTA,9020766,431642000,vesselfinder.com/fr/vessels/LNG-VESTA-IMO-9020766-MMSI-431642000
SERI BEGAWAN,9331646,533016000,vesselfinder.com/fr/vessels/SERI-BEGAWAN-IMO-9331646-MMSI-533016000
SERI BAKTI,9331634,533380000,vesselfinder.com/fr/vessels/SERI-BAKTI-IMO-9331634-MMSI-533380000
NORTHWEST SANDPIPER,8913150,503002000,vesselfinder.com/fr/vessels/NORTHWEST-SANDPIPER-IMO-8913150-MMSI-503002000
SERI BIJAKSANA,9331658,533051000,vesselfinder.com/fr/vessels/SERI-BIJAKSANA-IMO-9331658-MMSI-533051000
SONANGOL SAMBIZANGA,9475600,311027900,vesselfinder.com/fr/vessels/SONANGOL-SAMBIZANGA-IMO-9475600-MMSI-311027900
SONANGOL ETOSHA,9482299,311027800,vesselfinder.com/fr/vessels/SONANGOL-ETOSHA-IMO-9482299-MMSI-311027800
SONANGOL BENGUELA,9482304,311038100,vesselfinder.com/fr/vessels/SONANGOL-BENGUELA-IMO-9482304-MMSI-311038100
ARWA SPIRIT,9339260,538003267,vesselfinder.com/fr/vessels/ARWA-SPIRIT-IMO-9339260-MMSI-538003267
MARIB SPIRIT,9336749,538001576,vesselfinder.com/fr/vessels/MARIB-SPIRIT-IMO-9336749-MMSI-538001576
MAGELLAN SPIRIT,9342487,220636000,vesselfinder.com/fr/vessels/MAGELLAN-SPIRIT-IMO-9342487-MMSI-220636000
MERIDIAN SPIRIT,9369904,219061000,vesselfinder.com/fr/vessels/MERIDIAN-SPIRIT-IMO-9369904-MMSI-219061000
WOODSIDE DONALDSON,9369899,564629000,vesselfinder.com/fr/vessels/WOODSIDE-DONALDSON-IMO-9369899-MMSI-564629000
METHANE SPIRIT,9336737,311000135,vesselfinder.com/fr/vessels/METHANE-SPIRIT-IMO-9336737-MMSI-311000135
WOODSIDE GOODE,9633161,241276000,vesselfinder.com/fr/vessels/WOODSIDE-GOODE-IMO-9633161-MMSI-241276000
MARAN GAS DELPHI,9633173,241287000,vesselfinder.com/fr/vessels/MARAN-GAS-DELPHI-IMO-9633173-MMSI-241287000
MARAN GAS EFESSOS,9627497,241291000,vesselfinder.com/fr/vessels/MARAN-GAS-EFESSOS-IMO-9627497-MMSI-241291000
CORCOVADO LNG,9636711,229471000,vesselfinder.com/fr/vessels/CORCOVADO-LNG-IMO-9636711-MMSI-229471000
KITA LNG,9636723,229581000,vesselfinder.com/fr/vessels/KITA-LNG-IMO-9636723-MMSI-229581000
MARAN GAS TROY,9658240,241352000,vesselfinder.com/fr/vessels/MARAN-GAS-TROY-IMO-9658240-MMSI-241352000
MARAN GAS MYSTRAS,9658238,241350000,vesselfinder.com/fr/vessels/MARAN-GAS-MYSTRAS-IMO-9658238-MMSI-241350000
YARI LNG,9636747,229583000,vesselfinder.com/fr/vessels/YARI-LNG-IMO-9636747-MMSI-229583000
PALU LNG,9636735,229582000,vesselfinder.com/fr/vessels/PALU-LNG-IMO-9636735-MMSI-229582000
HYUNDAI UTOPIA,9018555,441223000,vesselfinder.com/fr/vessels/HYUNDAI-UTOPIA-IMO-9018555-MMSI-441223000
YK SOVEREIGN,9038816,441498000,vesselfinder.com/fr/vessels/YK-SOVEREIGN-IMO-9038816-MMSI-441498000
BW BRUSSELS,9368314,563089400,vesselfinder.com/fr/vessels/BW-BRUSSELS-IMO-9368314-MMSI-563089400
ADRIATIC ENERGY,8110203,538007892,vesselfinder.com/fr/vessels/ADRIATIC-ENERGY-IMO-8110203-MMSI-538007892
NORTH ENERGY,8014409,538007753,vesselfinder.com/fr/vessels/NORTH-ENERGY-IMO-8014409-MMSI-538007753
WILFORCE,9627954,258702000,vesselfinder.com/fr/vessels/WILFORCE-IMO-9627954-MMSI-258702000
WILPRIDE,9627966,258703000,vesselfinder.com/fr/vessels/WILPRIDE-IMO-9627966-MMSI-258703000
GOLAR SNOW,9635315,538004981,vesselfinder.com/fr/vessels/GOLAR-SNOW-IMO-9635315-MMSI-538004981
GOLAR ICE,9637325,538004976,vesselfinder.com/fr/vessels/GOLAR-ICE-IMO-9637325-MMSI-538004976
GOLAR SEAL,9624914,538004980,vesselfinder.com/fr/vessels/GOLAR-SEAL-IMO-9624914-MMSI-538004980
GOLAR BEAR,9626039,538004983,vesselfinder.com/fr/vessels/GOLAR-BEAR-IMO-9626039-MMSI-538004983
GOLAR FROST,9655042,538004975,vesselfinder.com/fr/vessels/GOLAR-FROST-IMO-9655042-MMSI-538004975
GOLAR CRYSTAL,9624926,538004985,vesselfinder.com/fr/vessels/GOLAR-CRYSTAL-IMO-9624926-MMSI-538004985
LNGC GOLAR CELSIUS,9626027,538004984,vesselfinder.com/fr/vessels/LNGC-GOLAR-CELSIUS-IMO-9626027-MMSI-538004984
GOLAR PENGUIN,9624938,538004979,vesselfinder.com/fr/vessels/GOLAR-PENGUIN-IMO-9624938-MMSI-538004979
COOL VOYAGER,9636785,229553000,vesselfinder.com/fr/vessels/COOL-VOYAGER-IMO-9636785-MMSI-229553000
COOL EXPLORER,9640023,229796000,vesselfinder.com/fr/vessels/COOL-EXPLORER-IMO-9640023-MMSI-229796000
COOL RUNNER,9636797,229673000,vesselfinder.com/fr/vessels/COOL-RUNNER-IMO-9636797-MMSI-229673000
BRITISH SAPPHIRE,9333618,235060454,vesselfinder.com/fr/vessels/BRITISH-SAPPHIRE-IMO-9333618-MMSI-235060454
TRISTAR RUBY,9333606,636092943,vesselfinder.com/fr/vessels/TRISTAR-RUBY-IMO-9333606-MMSI-636092943
KMARIN EMERALD,9333591,235050369,vesselfinder.com/fr/vessels/KMARIN-EMERALD-IMO-9333591-MMSI-235050369
KMARIN DIAMOND,9333620,235060455,vesselfinder.com/fr/vessels/KMARIN-DIAMOND-IMO-9333620-MMSI-235060455
TANGGUH SAGO,9361990,308741000,vesselfinder.com/fr/vessels/TANGGUH-SAGO-IMO-9361990-MMSI-308741000
TANGGUH HIRI,9333632,309787000,vesselfinder.com/fr/vessels/TANGGUH-HIRI-IMO-9333632-MMSI-309787000
ASIA ENERGY,9606950,311000183,vesselfinder.com/fr/vessels/ASIA-ENERGY-IMO-9606950-MMSI-311000183
ASIA VENTURE,9680190,311000228,vesselfinder.com/fr/vessels/ASIA-VENTURE-IMO-9680190-MMSI-311000228
ASIA VISION,9606948,311000182,vesselfinder.com/fr/vessels/ASIA-VISION-IMO-9606948-MMSI-311000182
ASIA INTEGRITY,9680188,311000227,vesselfinder.com/fr/vessels/ASIA-INTEGRITY-IMO-9680188-MMSI-311000227
ASIA EXCELLENCE,9610767,311000184,vesselfinder.com/fr/vessels/ASIA-EXCELLENCE-IMO-9610767-MMSI-311000184
ASIA ENDEAVOUR,9610779,311000185,vesselfinder.com/fr/vessels/ASIA-ENDEAVOUR-IMO-9610779-MMSI-311000185
POINT FORTIN,9375721,370833000,vesselfinder.com/fr/vessels/POINT-FORTIN-IMO-9375721-MMSI-370833000
TRINITY GLORY,9350927,370668000,vesselfinder.com/fr/vessels/TRINITY-GLORY-IMO-9350927-MMSI-370668000
TRINITY ARROW,9319404,353392000,vesselfinder.com/fr/vessels/TRINITY-ARROW-IMO-9319404-MMSI-353392000
CUBAL,9491812,311038400,vesselfinder.com/fr/vessels/CUBAL-IMO-9491812-MMSI-311038400
LOBITO,9490961,311038700,vesselfinder.com/fr/vessels/LOBITO-IMO-9490961-MMSI-311038700
SOYO,9475208,311038500,vesselfinder.com/fr/vessels/SOYO-IMO-9475208-MMSI-311038500
MALANJE,9490959,311038600,vesselfinder.com/fr/vessels/MALANJE-IMO-9490959-MMSI-311038600
HYUNDAI ECOPIA,9372999,370983000,vesselfinder.com/fr/vessels/HYUNDAI-ECOPIA-IMO-9372999-MMSI-370983000
GRACE COSMOS,9323675,311191000,vesselfinder.com/fr/vessels/GRACE-COSMOS-IMO-9323675-MMSI-311191000
GASLOG CHELSEA,9390185,310670000,vesselfinder.com/fr/vessels/GASLOG-CHELSEA-IMO-9390185-MMSI-310670000
GRACE ACACIA,9315707,308136000,vesselfinder.com/fr/vessels/GRACE-ACACIA-IMO-9315707-MMSI-308136000
GRACE BARLERIA,9315719,431115000,vesselfinder.com/fr/vessels/GRACE-BARLERIA-IMO-9315719-MMSI-431115000
NEO ENERGY,9324277,636013234,vesselfinder.com/fr/vessels/NEO-ENERGY-IMO-9324277-MMSI-636013234
CLEAN ENERGY,9323687,538002742,vesselfinder.com/fr/vessels/CLEAN-ENERGY-IMO-9323687-MMSI-538002742
OB RIVER,9315692,538002846,vesselfinder.com/fr/vessels/OB-RIVER-IMO-9315692-MMSI-538002846
LENA RIVER,9629598,538005073,vesselfinder.com/fr/vessels/LENA-RIVER-IMO-9629598-MMSI-538005073
YENISEI RIVER,9629586,538005072,vesselfinder.com/fr/vessels/YENISEI-RIVER-IMO-9629586-MMSI-538005072
ARCTIC AURORA,9645970,229767000,vesselfinder.com/fr/vessels/ARCTIC-AURORA-IMO-9645970-MMSI-229767000
K.MUGUNGWHA,9373010,370612000,vesselfinder.com/fr/vessels/K.MUGUNGWHA-IMO-9373010-MMSI-370612000
AL AREESH,9325697,311038000,vesselfinder.com/fr/vessels/AL-AREESH-IMO-9325697-MMSI-311038000
AL DAAYEN,9325702,311133000,vesselfinder.com/fr/vessels/AL-DAAYEN-IMO-9325702-MMSI-311133000
AL MARROUNA,9325685,311468000,vesselfinder.com/fr/vessels/AL-MARROUNA-IMO-9325685-MMSI-311468000
LNG KANO,9311567,310534000,vesselfinder.com/fr/vessels/LNG-KANO-IMO-9311567-MMSI-310534000
LNG LOKOJA,9269960,310519000,vesselfinder.com/fr/vessels/LNG-LOKOJA-IMO-9269960-MMSI-310519000
LNG ONDO,9311579,310550000,vesselfinder.com/fr/vessels/LNG-ONDO-IMO-9311579-MMSI-310550000
LNG IMO,9311581,310565000,vesselfinder.com/fr/vessels/LNG-IMO-IMO-9311581-MMSI-310565000
AMALI,9496317,508111132,vesselfinder.com/fr/vessels/AMALI-IMO-9496317-MMSI-508111132
GASLOG SYDNEY,9626273,310657000,vesselfinder.com/fr/vessels/GASLOG-SYDNEY-IMO-9626273-MMSI-310657000
GASLOG SKAGEN,9626285,310664000,vesselfinder.com/fr/vessels/GASLOG-SKAGEN-IMO-9626285-MMSI-310664000
GASLOG SANTIAGO,9600530,310652000,vesselfinder.com/fr/vessels/GASLOG-SANTIAGO-IMO-9600530-MMSI-310652000
GASLOG SEATTLE,9634086,310669000,vesselfinder.com/fr/vessels/GASLOG-SEATTLE-IMO-9634086-MMSI-310669000
GASLOG SARATOGA,9638903,310696000,vesselfinder.com/fr/vessels/GASLOG-SARATOGA-IMO-9638903-MMSI-310696000
GASLOG SALEM,9638915,310699000,vesselfinder.com/fr/vessels/GASLOG-SALEM-IMO-9638915-MMSI-310699000
GASLOG SHANGHAI,9600528,310644000,vesselfinder.com/fr/vessels/GASLOG-SHANGHAI-IMO-9600528-MMSI-310644000
SHEN HAI,9583677,477413600,vesselfinder.com/fr/vessels/SHEN-HAI-IMO-9583677-MMSI-477413600
TANGGUH PALUNG,9355379,370766000,vesselfinder.com/fr/vessels/TANGGUH-PALUNG-IMO-9355379-MMSI-370766000
TANGGUH JAYA,9349019,370502000,vesselfinder.com/fr/vessels/TANGGUH-JAYA-IMO-9349019-MMSI-370502000
LNG OGUN,9322815,310542000,vesselfinder.com/fr/vessels/LNG-OGUN-IMO-9322815-MMSI-310542000
LNG BORNO,9322803,310543000,vesselfinder.com/fr/vessels/LNG-BORNO-IMO-9322803-MMSI-310543000
DAPENG SUN,9308479,477985700,vesselfinder.com/fr/vessels/DAPENG-SUN-IMO-9308479-MMSI-477985700
DAPENG STAR,9369473,477614400,vesselfinder.com/fr/vessels/DAPENG-STAR-IMO-9369473-MMSI-477614400
GASLOG SINGAPORE,9355604,310594000,vesselfinder.com/fr/vessels/GASLOG-SINGAPORE-IMO-9355604-MMSI-310594000
GASLOG SAVANNAH,9352860,310583000,vesselfinder.com/fr/vessels/GASLOG-SAVANNAH-IMO-9352860-MMSI-310583000
STENA BLUE SKY,9315393,235116537,vesselfinder.com/fr/vessels/STENA-BLUE-SKY-IMO-9315393-MMSI-235116537
LNG ALLIANCE,9320075,228333700,vesselfinder.com/fr/vessels/LNG-ALLIANCE-IMO-9320075-MMSI-228333700
LNG UNITY,9306495,228337700,vesselfinder.com/fr/vessels/LNG-UNITY-IMO-9306495-MMSI-228337700
LNG BENUE,9267015,310495000,vesselfinder.com/fr/vessels/LNG-BENUE-IMO-9267015-MMSI-310495000
LNG ENUGU,9266994,310482000,vesselfinder.com/fr/vessels/LNG-ENUGU-IMO-9266994-MMSI-310482000
LNG RIVER ORASHI,9266982,310447000,vesselfinder.com/fr/vessels/LNG-RIVER-ORASHI-IMO-9266982-MMSI-310447000
LNG OYO,9267003,310487000,vesselfinder.com/fr/vessels/LNG-OYO-IMO-9267003-MMSI-310487000
UMM BAB,9308431,240411000,vesselfinder.com/fr/vessels/UMM-BAB-IMO-9308431-MMSI-240411000
AL JASSASIYA,9324435,240615000,vesselfinder.com/fr/vessels/AL-JASSASIYA-IMO-9324435-MMSI-240615000
SIMAISMA,9320386,240486000,vesselfinder.com/fr/vessels/SIMAISMA-IMO-9320386-MMSI-240486000
MARAN GAS ASCLEPIUS,9302499,240386000,vesselfinder.com/fr/vessels/MARAN-GAS-ASCLEPIUS-IMO-9302499-MMSI-240386000
MARAN GAS CORONIS,9331048,240639000,vesselfinder.com/fr/vessels/MARAN-GAS-CORONIS-IMO-9331048-MMSI-240639000
GOLAR MARIA,9320374,538002609,vesselfinder.com/fr/vessels/GOLAR-MARIA-IMO-9320374-MMSI-538002609
IBRA LNG,9326689,357734000,vesselfinder.com/fr/vessels/IBRA-LNG-IMO-9326689-MMSI-357734000
SALALAH LNG,9300817,371561000,vesselfinder.com/fr/vessels/SALALAH-LNG-IMO-9300817-MMSI-371561000
MILAHA QATAR,9321732,229129000,vesselfinder.com/fr/vessels/MILAHA-QATAR-IMO-9321732-MMSI-229129000
EJNAN,9334076,309201000,vesselfinder.com/fr/vessels/EJNAN-IMO-9334076-MMSI-309201000
LUSAIL,9285952,311628000,vesselfinder.com/fr/vessels/LUSAIL-IMO-9285952-MMSI-311628000
AL THAKHIRA,9298399,309975000,vesselfinder.com/fr/vessels/AL-THAKHIRA-IMO-9298399-MMSI-309975000
MET. JANE ELIZABETH,9307190,310510000,vesselfinder.com/fr/vessels/MET.-JANE-ELIZABETH-IMO-9307190-MMSI-310510000
METHANE NILE EAGLE,9321770,310551000,vesselfinder.com/fr/vessels/METHANE-NILE-EAGLE-IMO-9321770-MMSI-310551000
METHANE SHIRLEY ELIS,9321756,310535000,vesselfinder.com/fr/vessels/METHANE-SHIRLEY-ELIS-IMO-9321756-MMSI-310535000
METHANE RITA ANDREA,9307188,310499000,vesselfinder.com/fr/vessels/METHANE-RITA-ANDREA-IMO-9307188-MMSI-310499000
METH. HEATHER SALLY,9321744,310528000,vesselfinder.com/fr/vessels/METH.-HEATHER-SALLY-IMO-9321744-MMSI-310528000
METHANE LYDON VOLNEY,9307205,310514000,vesselfinder.com/fr/vessels/METHANE-LYDON-VOLNEY-IMO-9307205-MMSI-310514000
SERI ANGGUN,9321653,533953000,vesselfinder.com/fr/vessels/SERI-ANGGUN-IMO-9321653-MMSI-533953000
SERI ANGKASA,9321665,533957000,vesselfinder.com/fr/vessels/SERI-ANGKASA-IMO-9321665-MMSI-533957000
K.FREESIA,9186584,441278000,vesselfinder.com/fr/vessels/K.FREESIA-IMO-9186584-MMSI-441278000
K.ACACIA,9157636,441259000,vesselfinder.com/fr/vessels/K.ACACIA-IMO-9157636-MMSI-441259000
BERING ENERGY,7390155,538001389,vesselfinder.com/fr/vessels/BERING-ENERGY-IMO-7390155-MMSI-538001389
GULF ENERGY,7390143,538001388,vesselfinder.com/fr/vessels/GULF-ENERGY-IMO-7390143-MMSI-538001388
GALICIA SPIRIT,9247364,224482000,vesselfinder.com/fr/vessels/GALICIA-SPIRIT-IMO-9247364-MMSI-224482000
HISPANIA SPIRIT,9230048,224985000,vesselfinder.com/fr/vessels/HISPANIA-SPIRIT-IMO-9230048-MMSI-224985000
PORTOVYY,9246621,273211890,vesselfinder.com/fr/vessels/PORTOVYY-IMO-9246621-MMSI-273211890
PUTERI NILAM SATU,9229647,533747000,vesselfinder.com/fr/vessels/PUTERI-NILAM-SATU-IMO-9229647-MMSI-533747000
DISHA,9250713,215533000,vesselfinder.com/fr/vessels/DISHA-IMO-9250713-MMSI-215533000
IBERICA KNUTSEN,9326603,257990000,vesselfinder.com/fr/vessels/IBERICA-KNUTSEN-IMO-9326603-MMSI-257990000
METHANE PRINCESS,9253715,538004164,vesselfinder.com/fr/vessels/METHANE-PRINCESS-IMO-9253715-MMSI-538004164
BERGE ARZEW,9256597,311745000,vesselfinder.com/fr/vessels/BERGE-ARZEW-IMO-9256597-MMSI-311745000
BW EVERETT,9243148,564988000,vesselfinder.com/fr/vessels/BW-EVERETT-IMO-9243148-MMSI-564988000
BW BOSTON,9230062,258617000,vesselfinder.com/fr/vessels/BW-BOSTON-IMO-9230062-MMSI-258617000
EXCALIBUR,9230050,205421000,vesselfinder.com/fr/vessels/EXCALIBUR-IMO-9230050-MMSI-205421000
HL SUR,9176010,440130000,vesselfinder.com/fr/vessels/HL-SUR-IMO-9176010-MMSI-440130000
TRADER,9238038,235496000,vesselfinder.com/fr/vessels/TRADER-IMO-9238038-MMSI-235496000
SINGAPORE ENERGY,9238040,538007985,vesselfinder.com/fr/vessels/SINGAPORE-ENERGY-IMO-9238040-MMSI-538007985
MERCHANT,9250191,538008352,vesselfinder.com/fr/vessels/MERCHANT-IMO-9250191-MMSI-538008352
METHANE KARI ELIN,9256793,310440000,vesselfinder.com/fr/vessels/METHANE-KARI-ELIN-IMO-9256793-MMSI-310440000
FUWAIRIT,9256200,311605000,vesselfinder.com/fr/vessels/FUWAIRIT-IMO-9256200-MMSI-311605000
MILAHA RAS LAFFAN,9255854,229130000,vesselfinder.com/fr/vessels/MILAHA-RAS-LAFFAN-IMO-9255854-MMSI-229130000
SK SUNRISE,9247194,354159000,vesselfinder.com/fr/vessels/SK-SUNRISE-IMO-9247194-MMSI-354159000
SK STELLAR,9180243,441237000,vesselfinder.com/fr/vessels/SK-STELLAR-IMO-9180243-MMSI-441237000
SK SUPREME,9157739,441768000,vesselfinder.com/fr/vessels/SK-SUPREME-IMO-9157739-MMSI-441768000
CASTILLO DE VILLALBA,9236418,224383000,vesselfinder.com/fr/vessels/CASTILLO-DE-VILLALBA-IMO-9236418-MMSI-224383000
CATALUNYA SPIRIT,9236420,224941000,vesselfinder.com/fr/vessels/CATALUNYA-SPIRIT-IMO-9236420-MMSI-224941000
BILBAO KNUTSEN,9236432,224606000,vesselfinder.com/fr/vessels/BILBAO-KNUTSEN-IMO-9236432-MMSI-224606000
CADIZ KNUTSEN,9246578,224263000,vesselfinder.com/fr/vessels/CADIZ-KNUTSEN-IMO-9246578-MMSI-224263000
MADRID SPIRIT,9259276,224152000,vesselfinder.com/fr/vessels/MADRID-SPIRIT-IMO-9259276-MMSI-224152000
SESTAO KNUTSEN,9338797,225372000,vesselfinder.com/fr/vessels/SESTAO-KNUTSEN-IMO-9338797-MMSI-225372000
HL PYEONGTAEK,9061928,441563000,vesselfinder.com/fr/vessels/HL-PYEONGTAEK-IMO-9061928-MMSI-441563000
OCEAN QUEST,7391214,257991000,vesselfinder.com/fr/vessels/OCEAN-QUEST-IMO-7391214-MMSI-257991000
LNGC PUTERI DELIMA,9030814,533022000,vesselfinder.com/fr/vessels/LNGC-PUTERI-DELIMA-IMO-9030814-MMSI-533022000
RAMDANE ABANE,7411961,605076080,vesselfinder.com/fr/vessels/RAMDANE-ABANE-IMO-7411961-MMSI-605076080
ARCTIC SPIRIT,9001784,311118000,vesselfinder.com/fr/vessels/ARCTIC-SPIRIT-IMO-9001784-MMSI-311118000
POLAR SPIRIT,9001772,311153000,vesselfinder.com/fr/vessels/POLAR-SPIRIT-IMO-9001772-MMSI-311153000
CHEIKH EL MOKRANI,9324332,309979000,vesselfinder.com/fr/vessels/CHEIKH-EL-MOKRANI-IMO-9324332-MMSI-309979000
CHEIKH BOUAMAMA,9324344,311006300,vesselfinder.com/fr/vessels/CHEIKH-BOUAMAMA-IMO-9324344-MMSI-311006300
GLOBAL ENERGY,9269207,226308000,vesselfinder.com/fr/vessels/GLOBAL-ENERGY-IMO-9269207-MMSI-226308000
PORTOVENERE,9064073,563075400,vesselfinder.com/fr/vessels/PORTOVENERE-IMO-9064073-MMSI-563075400
LERICI,9064085,563074500,vesselfinder.com/fr/vessels/LERICI-IMO-9064085-MMSI-563074500
SAGA DAWN,9769855,563070400,vesselfinder.com/fr/vessels/SAGA-DAWN-IMO-9769855-MMSI-563070400
SUN ARROWS,9349942,309296000,vesselfinder.com/fr/vessels/SUN-ARROWS-IMO-9349942-MMSI-309296000
SURYA AKI,9060534,309521000,vesselfinder.com/fr/vessels/SURYA-AKI-IMO-9060534-MMSI-309521000
LUCIA AMBITION,9016492,372255000,vesselfinder.com/fr/vessels/LUCIA-AMBITION-IMO-9016492-MMSI-372255000
PELITA ENERGY,9161510,525300941,vesselfinder.com/fr/vessels/PELITA-ENERGY-IMO-9161510-MMSI-525300941
CORAL ENERGICE,9783124,244090097,vesselfinder.com/fr/vessels/CORAL-ENERGICE-IMO-9783124-MMSI-244090097
CORAL ENERGY,9617698,246878000,vesselfinder.com/fr/vessels/CORAL-ENERGY-IMO-9617698-MMSI-246878000
KAKUYU MARU,9675200,431004914,vesselfinder.com/fr/vessels/KAKUYU-MARU-IMO-9675200-MMSI-431004914
KAKUREI MARU,9469235,431000792,vesselfinder.com/fr/vessels/KAKUREI-MARU-IMO-9469235-MMSI-431000792
PIONEER KNUTSEN,9275074,259393000,vesselfinder.com/fr/vessels/PIONEER-KNUTSEN-IMO-9275074-MMSI-259393000
PUTERI ZAMRUD SATU,9245031,533754000,vesselfinder.com/fr/vessels/PUTERI-ZAMRUD-SATU-IMO-9245031-MMSI-533754000
AL KHOR,9085613,431894000,vesselfinder.com/fr/vessels/AL-KHOR-IMO-9085613-MMSI-431894000
MARAN GAS PSARA,9844863,241692000,vesselfinder.com/fr/vessels/MARAN-GAS-PSARA-IMO-9844863-MMSI-241692000
METHANE ALISON VICTO,9321768,310540000,vesselfinder.com/fr/vessels/METHANE-ALISON-VICTO-IMO-9321768-MMSI-310540000
MARAN GAS OLYMPIAS,9732371,241452000,vesselfinder.com/fr/vessels/MARAN-GAS-OLYMPIAS-IMO-9732371-MMSI-241452000
SOUTHERN CROSS,9613147,477476100,vesselfinder.com/fr/vessels/SOUTHERN-CROSS-IMO-9613147-MMSI-477476100
ISABELLA,9874820,241747000,vesselfinder.com/fr/vessels/ISABELLA-IMO-9874820-MMSI-241747000
DIAMOND GAS CRYSTAL,9874454,563125300,vesselfinder.com/fr/vessels/DIAMOND-GAS-CRYSTAL-IMO-9874454-MMSI-563125300
TRIPUTRA,9187356,525020429,vesselfinder.com/fr/vessels/TRIPUTRA-IMO-9187356-MMSI-525020429
PUTERI INTAN SATU,9213416,533730000,vesselfinder.com/fr/vessels/PUTERI-INTAN-SATU-IMO-9213416-MMSI-533730000
BEIDOU STAR,9613159,477314400,vesselfinder.com/fr/vessels/BEIDOU-STAR-IMO-9613159-MMSI-477314400
ENERGY INTEGRITY,9859739,538008877,vesselfinder.com/fr/vessels/ENERGY-INTEGRITY-IMO-9859739-MMSI-538008877
LNGSHIPS ATHENA,9872949,215762000,vesselfinder.com/fr/vessels/LNGSHIPS-ATHENA-IMO-9872949-MMSI-215762000
AMANI,9661869,508111181,vesselfinder.com/fr/vessels/AMANI-IMO-9661869-MMSI-508111181
ARKAT,9496305,508111131,vesselfinder.com/fr/vessels/ARKAT-IMO-9496305-MMSI-508111131
TANGGUH TOWUTI,9325893,563214000,vesselfinder.com/fr/vessels/TANGGUH-TOWUTI-IMO-9325893-MMSI-563214000
GOLAR GRAND,9303560,538003804,vesselfinder.com/fr/vessels/GOLAR-GRAND-IMO-9303560-MMSI-538003804
BISHU MARU,9691137,374216000,vesselfinder.com/fr/vessels/BISHU-MARU-IMO-9691137-MMSI-374216000
NORTHWEST SNIPE,8608884,503000051,vesselfinder.com/fr/vessels/NORTHWEST-SNIPE-IMO-8608884-MMSI-503000051
SERI AMANAH,9293844,533937000,vesselfinder.com/fr/vessels/SERI-AMANAH-IMO-9293844-MMSI-533937000
NW STORMPETREL,9045132,503009000,vesselfinder.com/fr/vessels/NW-STORMPETREL-IMO-9045132-MMSI-503009000
GASLOG GALVESTON,9864928,310806000,vesselfinder.com/fr/vessels/GASLOG-GALVESTON-IMO-9864928-MMSI-310806000
BW HELIOS,9873852,563126800,vesselfinder.com/fr/vessels/BW-HELIOS-IMO-9873852-MMSI-563126800
NORTHWEST SANDERLING,8608872,503000050,vesselfinder.com/fr/vessels/NORTHWEST-SANDERLING-IMO-8608872-MMSI-503000050
ARISTARCHOS,9862918,215778000,vesselfinder.com/fr/vessels/ARISTARCHOS-IMO-9862918-MMSI-215778000
DIAMOND GAS VICTORIA,9874466,563125700,vesselfinder.com/fr/vessels/DIAMOND-GAS-VICTORIA-IMO-9874466-MMSI-563125700
CELSIUS CAROLINA,9878723,538009151,vesselfinder.com/fr/vessels/CELSIUS-CAROLINA-IMO-9878723-MMSI-538009151
GASLOG WELLINGTON,9876660,310817000,vesselfinder.com/fr/vessels/GASLOG-WELLINGTON-IMO-9876660-MMSI-310817000
AKEBONO MARU,9554729,431003094,vesselfinder.com/fr/vessels/AKEBONO-MARU-IMO-9554729-MMSI-431003094
HYUNDAI AQUAPIA,9179581,441268000,vesselfinder.com/fr/vessels/HYUNDAI-AQUAPIA-IMO-9179581-MMSI-441268000
FLEX VIGILANT,9862475,538009179,vesselfinder.com/fr/vessels/FLEX-VIGILANT-IMO-9862475-MMSI-538009179
HL RAS LAFFAN,9176008,441292000,vesselfinder.com/fr/vessels/HL-RAS-LAFFAN-IMO-9176008-MMSI-441292000
AMBERJACK LNG,9845776,215534000,vesselfinder.com/fr/vessels/AMBERJACK-LNG-IMO-9845776-MMSI-215534000
KARMOL LNGT ASIA,8608705,310171000,vesselfinder.com/fr/vessels/KARMOL-LNGT-ASIA-IMO-8608705-MMSI-310171000
WOODSIDE ROGERS,9627485,241254000,vesselfinder.com/fr/vessels/WOODSIDE-ROGERS-IMO-9627485-MMSI-241254000
DAPENG MOON,9308481,477058900,vesselfinder.com/fr/vessels/DAPENG-MOON-IMO-9308481-MMSI-477058900
SERI AYU,9329679,533942000,vesselfinder.com/fr/vessels/SERI-AYU-IMO-9329679-MMSI-533942000
HZ1827,9878876,477708300,vesselfinder.com/fr/vessels/HZ1827-IMO-9878876-MMSI-477708300
HYUNDAI GREENPIA,9075333,441659000,vesselfinder.com/fr/vessels/HYUNDAI-GREENPIA-IMO-9075333-MMSI-441659000
CESI TIANJIN,9694749,477010900,vesselfinder.com/fr/vessels/CESI-TIANJIN-IMO-9694749-MMSI-477010900
ENERGY PROGRESS,9274226,309463000,vesselfinder.com/fr/vessels/ENERGY-PROGRESS-IMO-9274226-MMSI-309463000
ENERGY INTELLIGENCE,9881201,538008876,vesselfinder.com/fr/vessels/ENERGY-INTELLIGENCE-IMO-9881201-MMSI-538008876
K.JASMINE,9373008,352906000,vesselfinder.com/fr/vessels/K.JASMINE-IMO-9373008-MMSI-352906000
LNG KOLT,9372963,370799000,vesselfinder.com/fr/vessels/LNG-KOLT-IMO-9372963-MMSI-370799000
AL GHASHAMIYA,9397286,538003353,vesselfinder.com/fr/vessels/AL-GHASHAMIYA-IMO-9397286-MMSI-538003353
DOHA,9085637,431213000,vesselfinder.com/fr/vessels/DOHA-IMO-9085637-MMSI-431213000
MARAN GAS LINDOS,9627502,241351000,vesselfinder.com/fr/vessels/MARAN-GAS-LINDOS-IMO-9627502-MMSI-241351000
LNGSHIPS EMPRESS,9875800,215754000,vesselfinder.com/fr/vessels/LNGSHIPS-EMPRESS-IMO-9875800-MMSI-215754000
ENERGY INNOVATOR,9758832,431048000,vesselfinder.com/fr/vessels/ENERGY-INNOVATOR-IMO-9758832-MMSI-431048000
AMAN SENDAI,9134323,533209000,vesselfinder.com/fr/vessels/AMAN-SENDAI-IMO-9134323-MMSI-533209000
SHINJU MARU NO.2,9433884,431000767,vesselfinder.com/fr/vessels/SHINJU-MARU-NO.2-IMO-9433884-MMSI-431000767
HL MUSCAT,9155078,441229000,vesselfinder.com/fr/vessels/HL-MUSCAT-IMO-9155078-MMSI-441229000
AL WAKRAH,9086746,431061000,vesselfinder.com/fr/vessels/AL-WAKRAH-IMO-9086746-MMSI-431061000
TANGGUH BATUR,9334284,564090000,vesselfinder.com/fr/vessels/TANGGUH-BATUR-IMO-9334284-MMSI-564090000
SK SPICA,9761815,356269000,vesselfinder.com/fr/vessels/SK-SPICA-IMO-9761815-MMSI-356269000
MARVEL SWAN,9880192,219028242,vesselfinder.com/fr/vessels/MARVEL-SWAN-IMO-9880192-MMSI-219028242
AMADI,9682552,508111182,vesselfinder.com/fr/vessels/AMADI-IMO-9682552-MMSI-508111182
HANTONG CNG 001,9762039,525112002,vesselfinder.com/fr/vessels/HANTONG-CNG-001-IMO-9762039-MMSI-525112002
AL JASRA,9132791,431104000,vesselfinder.com/fr/vessels/AL-JASRA-IMO-9132791-MMSI-431104000
MINERVA LIMNOS,9854375,215866000,vesselfinder.com/fr/vessels/MINERVA-LIMNOS-IMO-9854375-MMSI-215866000
MIN RONG,9305116,477141800,vesselfinder.com/fr/vessels/MIN-RONG-IMO-9305116-MMSI-477141800
CORAL ENCANTO,9693719,538008666,vesselfinder.com/fr/vessels/CORAL-ENCANTO-IMO-9693719-MMSI-538008666
LNG MALEO,8701791,431015000,vesselfinder.com/fr/vessels/LNG-MALEO-IMO-8701791-MMSI-431015000
BW PAVILIONARANTHERA,9850678,563104600,vesselfinder.com/fr/vessels/BW-PAVILIONARANTHERA-IMO-9850678-MMSI-563104600
COOL RACER,9869265,215553000,vesselfinder.com/fr/vessels/COOL-RACER-IMO-9869265-MMSI-215553000
DORADO LNG,9863182,215578000,vesselfinder.com/fr/vessels/DORADO-LNG-IMO-9863182-MMSI-215578000
BROOG,9085651,431870000,vesselfinder.com/fr/vessels/BROOG-IMO-9085651-MMSI-431870000
SERI ALAM,9293832,533925000,vesselfinder.com/fr/vessels/SERI-ALAM-IMO-9293832-MMSI-533925000
CELSIUS CHARLOTTE,9878711,538009152,vesselfinder.com/fr/vessels/CELSIUS-CHARLOTTE-IMO-9878711-MMSI-538009152
RAAHI,9253703,215718000,vesselfinder.com/fr/vessels/RAAHI-IMO-9253703-MMSI-215718000
NORTH PIONEER,9317200,431301776,vesselfinder.com/fr/vessels/NORTH-PIONEER-IMO-9317200-MMSI-431301776
PUTERI DELIMA SATU,9211872,533735000,vesselfinder.com/fr/vessels/PUTERI-DELIMA-SATU-IMO-9211872-MMSI-533735000
FLEX AMBER,9857377,538008881,vesselfinder.com/fr/vessels/FLEX-AMBER-IMO-9857377-MMSI-538008881
MINERVA CHIOS,9877341,229099000,vesselfinder.com/fr/vessels/MINERVA-CHIOS-IMO-9877341-MMSI-229099000
NIZWA LNG,9294264,371381000,vesselfinder.com/fr/vessels/NIZWA-LNG-IMO-9294264-MMSI-371381000
LNG PIONEER,9256602,311906000,vesselfinder.com/fr/vessels/LNG-PIONEER-IMO-9256602-MMSI-311906000
CNTIC VPOWERGLOBAL,9696735,477468400,vesselfinder.com/fr/vessels/CNTIC-VPOWERGLOBAL-IMO-9696735-MMSI-477468400
GRACE ENERGY,8702941,355998000,vesselfinder.com/fr/vessels/GRACE-ENERGY-IMO-8702941-MMSI-355998000
FLEX ARTEMIS,9851634,538008816,vesselfinder.com/fr/vessels/FLEX-ARTEMIS-IMO-9851634-MMSI-538008816
PUTERI ZAMRUD,9030838,533130000,vesselfinder.com/fr/vessels/PUTERI-ZAMRUD-IMO-9030838-MMSI-533130000
TANGGUH FOJA,9349007,370168000,vesselfinder.com/fr/vessels/TANGGUH-FOJA-IMO-9349007-MMSI-370168000
WOODSIDE REES WITHER,9810367,241669000,vesselfinder.com/fr/vessels/WOODSIDE-REES-WITHER-IMO-9810367-MMSI-241669000
AL WAJBAH,9085625,431908000,vesselfinder.com/fr/vessels/AL-WAJBAH-IMO-9085625-MMSI-431908000
SK SPLENDOR,9180231,440514000,vesselfinder.com/fr/vessels/SK-SPLENDOR-IMO-9180231-MMSI-440514000
HYUNDAI OCEANPIA,9183269,441291000,vesselfinder.com/fr/vessels/HYUNDAI-OCEANPIA-IMO-9183269-MMSI-441291000
PACIFIC ENLIGHTEN,9351971,308078000,vesselfinder.com/fr/vessels/PACIFIC-ENLIGHTEN-IMO-9351971-MMSI-308078000
ADAMASTOS ST,9879698,215905000,vesselfinder.com/fr/vessels/ADAMASTOS-ST-IMO-9879698-MMSI-215905000
RAVENNA KNUTSEN,9874040,224625000,vesselfinder.com/fr/vessels/RAVENNA-KNUTSEN-IMO-9874040-MMSI-224625000
AMUR RIVER,9317999,538003001,vesselfinder.com/fr/vessels/AMUR-RIVER-IMO-9317999-MMSI-538003001
PUTERI MUTIARA SATU,9261205,533920000,vesselfinder.com/fr/vessels/PUTERI-MUTIARA-SATU-IMO-9261205-MMSI-533920000
HAI YANG SHI YOU 301,9696266,413481620,vesselfinder.com/fr/vessels/HAI-YANG-SHI-YOU-301-IMO-9696266-MMSI-413481620
COBIA LNG,9869306,215583000,vesselfinder.com/fr/vessels/COBIA-LNG-IMO-9869306-MMSI-215583000
GASLOG HOUSTON,9748899,310772000,vesselfinder.com/fr/vessels/GASLOG-HOUSTON-IMO-9748899-MMSI-310772000
YIANNIS,9879674,241743000,vesselfinder.com/fr/vessels/YIANNIS-IMO-9879674-MMSI-241743000
LNG LIBRA,7413232,538001390,vesselfinder.com/fr/vessels/LNG-LIBRA-IMO-7413232-MMSI-538001390
LNG VENUS,9645736,432994000,vesselfinder.com/fr/vessels/LNG-VENUS-IMO-9645736-MMSI-432994000
GOLAR ARCTIC,9253105,538002656,vesselfinder.com/fr/vessels/GOLAR-ARCTIC-IMO-9253105-MMSI-538002656
FLEX VOLUNTEER,9862463,538009058,vesselfinder.com/fr/vessels/FLEX-VOLUNTEER-IMO-9862463-MMSI-538009058
ARISTIDIS I,9862906,215669000,vesselfinder.com/fr/vessels/ARISTIDIS-I-IMO-9862906-MMSI-215669000
M.MICKIE HARPER,9520376,352346000,vesselfinder.com/fr/vessels/M.MICKIE-HARPER-IMO-9520376-MMSI-352346000
ZEKREET,9132818,431325000,vesselfinder.com/fr/vessels/ZEKREET-IMO-9132818-MMSI-431325000
AL BIDDA,9132741,431207000,vesselfinder.com/fr/vessels/AL-BIDDA-IMO-9132741-MMSI-431207000
FLEX ENTERTRISE,9762273,215385000,vesselfinder.com/fr/vessels/FLEX-ENTERTRISE-IMO-9762273-MMSI-215385000
PUTERI INTAN,9030802,533009000,vesselfinder.com/fr/vessels/PUTERI-INTAN-IMO-9030802-MMSI-533009000
LNG AQUARIUS,7390181,525001084,vesselfinder.com/fr/vessels/LNG-AQUARIUS-IMO-7390181-MMSI-525001084
PUTERI FIRUS SATU,9248502,533808000,vesselfinder.com/fr/vessels/PUTERI-FIRUS-SATU-IMO-9248502-MMSI-533808000
PUTERI NILAM,9030826,533035000,vesselfinder.com/fr/vessels/PUTERI-NILAM-IMO-9030826-MMSI-533035000
CELSIUS COPENHAGEN,9864784,538009022,vesselfinder.com/fr/vessels/CELSIUS-COPENHAGEN-IMO-9864784-MMSI-538009022
BRITISH ACHIEVER,9766542,232006300,vesselfinder.com/fr/vessels/BRITISH-ACHIEVER-IMO-9766542-MMSI-232006300
SK SERENITY,9761803,370025000,vesselfinder.com/fr/vessels/SK-SERENITY-IMO-9761803-MMSI-370025000
GIMI,7382732,538004196,vesselfinder.com/fr/vessels/GIMI-IMO-7382732-MMSI-538004196
SK SUMMIT,9157624,441456000,vesselfinder.com/fr/vessels/SK-SUMMIT-IMO-9157624-MMSI-441456000
SHINJU MARU NO.1,9260603,431101044,vesselfinder.com/fr/vessels/SHINJU-MARU-NO.1-IMO-9260603-MMSI-431101044
BRITISH SPONSOR,9766580,232006295,vesselfinder.com/fr/vessels/BRITISH-SPONSOR-IMO-9766580-MMSI-232006295
AL DEEBEL,9307176,308031000,vesselfinder.com/fr/vessels/AL-DEEBEL-IMO-9307176-MMSI-308031000
LNG MEGREZ,9834325,477345600,vesselfinder.com/fr/vessels/LNG-MEGREZ-IMO-9834325-MMSI-477345600
BW LESMES,9873840,563121700,vesselfinder.com/fr/vessels/BW-LESMES-IMO-9873840-MMSI-563121700
LNG ROSENROT,9877133,538008979,vesselfinder.com/fr/vessels/LNG-ROSENROT-IMO-9877133-MMSI-538008979
WOODSIDECHARLESALLEN,9859753,241712000,vesselfinder.com/fr/vessels/WOODSIDECHARLESALLEN-IMO-9859753-MMSI-241712000
ASEEM,9377547,249780000,vesselfinder.com/fr/vessels/ASEEM-IMO-9377547-MMSI-249780000
KUMUL,9613161,477588600,vesselfinder.com/fr/vessels/KUMUL-IMO-9613161-MMSI-477588600
TEST,9892717,232000000,vesselfinder.com/fr/vessels/TEST-IMO-9892717-MMSI-232000000
LNG EBISU,9329291,311004400,vesselfinder.com/fr/vessels/LNG-EBISU-IMO-9329291-MMSI-311004400
UMM SLAL,9372731,538003300,vesselfinder.com/fr/vessels/UMM-SLAL-IMO-9372731-MMSI-538003300
ENSHU MARU,9749609,357121000,vesselfinder.com/fr/vessels/ENSHU-MARU-IMO-9749609-MMSI-357121000
HONGKONG ENERGY,9250725,538008396,vesselfinder.com/fr/vessels/HONGKONG-ENERGY-IMO-9250725-MMSI-538008396
ATTALOS ST,9862920,215785000,vesselfinder.com/fr/vessels/ATTALOS-ST-IMO-9862920-MMSI-215785000
GASLOG GENOA,9744013,310774000,vesselfinder.com/fr/vessels/GASLOG-GENOA-IMO-9744013-MMSI-310774000
SOLARIS,9634098,310679000,vesselfinder.com/fr/vessels/SOLARIS-IMO-9634098-MMSI-310679000
LNGSHIPS MANHATTAN,9872901,215755000,vesselfinder.com/fr/vessels/LNGSHIPS-MANHATTAN-IMO-9872901-MMSI-215755000
OCEANIC BREEZE,9698111,538007671,vesselfinder.com/fr/vessels/OCEANIC-BREEZE-IMO-9698111-MMSI-538007671
MIN LU,9305128,477264500,vesselfinder.com/fr/vessels/MIN-LU-IMO-9305128-MMSI-477264500
