Nom Bateau,IMO,MMSI,Lien,_merge
METH. HEATHER SALLY,9321744,310528000,vesselfinder.com/fr/vessels/METH.-HEATHER-SALLY-IMO-9321744-MMSI-310528000,remplace METH. HEAXETB SALLY
METH. HEATHER SALLY,9321744,310528000,vesselfinder.com/fr/vessels/METH.-HEATHER-SALLY-IMO-9321744-MMSI-310528000,remplace METH. HEAXETB SALLYMINRONG 0,9305116,477141800,vesselfinder.com/fr/vessels/MINRONG-0-IMO-9305116-MMSI-477141800,remplace MIN RONG
ALHAMRA,9074640,636010544,vesselfinder.com/fr/vessels/ALHAMRA-IMO-9074640-MMSI-636010544,remplace AL HAMRA
HZ1827,9878876,477708300,vesselfinder.com/fr/vessels/HZ1827-IMO-9878876-MMSI-477708300,remplace HZ1827A
MIN RONG,9305116,477141800,vesselfinder.com/fr/vessels/MIN-RONG-IMO-9305116-MMSI-477141800,remplace MINRONG 0
BW HELIOS,9873852,563126800,vesselfinder.com/fr/vessels/BW-HELIOS-IMO-9873852-MMSI-563126800,remplace BW HELIOS
CELSIUS CHARLOTUE,9878711,538009152,vesselfinder.com/fr/vessels/CELSIUS-CHARLOTUE-IMO-9878711-MMSI-538009152,remplace CELSIUS CHARLOTTE
ALHAMRA,9074640,636010544,vesselfinder.com/fr/vessels/ALHAMRA-IMO-9074640-MMSI-636010544,remplace AL HAMRA
BAHRAIN CPIPIP,9771080,408919000,vesselfinder.com/fr/vessels/BAHRAIN-CPIPIP-IMO-9771080-MMSI-408919000,remplace BAHRAIN SPIRIT
BW TATIANA,9236626,351133000,vesselfinder.com/fr/vessels/BW-TATIANA-IMO-9236626-MMSI-351133000,remplace BW TATIANA
ALHAMRA,9074640,636010544,vesselfinder.com/fr/vessels/ALHAMRA-IMO-9074640-MMSI-636010544,remplace AL HAMRA
BAHRAIN CPIPIP,9771080,408919000,vesselfinder.com/fr/vessels/BAHRAIN-CPIPIP-IMO-9771080-MMSI-408919000,remplace BAHRAIN SPIRIT
BW TATIANA,9236626,351133000,vesselfinder.com/fr/vessels/BW-TATIANA-IMO-9236626-MMSI-351133000,remplace BW TATIANA
LNGSHIPS ATHENA,9872949,215762000,vesselfinder.com/fr/vessels/LNGSHIPS-ATHENA-IMO-9872949-MMSI-215762000,remplace LNGSHIPS ATHENA GT
BW HELIOS,9873852,563126800,vesselfinder.com/fr/vessels/BW-HELIOS-IMO-9873852-MMSI-563126800,remplace BW HELIOS
M.MICKIE HARPER,9520376,352346000,vesselfinder.com/fr/vessels/M.MICKIE-HARPER-IMO-9520376-MMSI-352346000,remplace M.MICKIE HARPER
FLEX ENTERTRISE,9762273,215385000,vesselfinder.com/fr/vessels/FLEX-ENTERTRISE-IMO-9762273-MMSI-215385000,remplace FLEX ENTERPRISE
TEST,9892717,232000000,vesselfinder.com/fr/vessels/TEST-IMO-9892717-MMSI-232000000,remplace MARAN
